voiceID,duration,meanF0Hz,stdevF0Hz,HNR,localJitter,localabsoluteJitter,rapJitter,ppq5Jitter,ddpJitter,localShimmer,localdbShimmer,apq3Shimmer,apq5Shimmer,apq11Shimmer,ddaShimmer,f1_mean,f2_mean,f3_mean,f4_mean,f1_median,f2_median,f3_median,f4_median
assets/triste1.wav,7.573333333333333,133.67500244888257,51.08072251596972,12.167438098024695,0.029182734694335428,0.00021950375111008373,0.015245192570008032,0.016724370456870682,0.045735577710024095,0.14711488618543306,1.3523675608233063,0.07758751884240592,0.09010912413165933,0.1318601417760434,0.23276255652721775,534.9558287111361,1743.3793666352628,2882.6780718835107,4082.2503200735473,438.8343891004103,1655.8638796024518,2986.099726363149,4235.464694010387
assets/palabrota2.wav,3.2853333333333334,119.65938180040655,31.159190308077548,4.433305080634575,0.039349631041411114,0.0003285771183954286,0.019660336692756956,0.01853253097572694,0.05898101007827087,0.13670051149864457,1.3691671805171026,0.0709291068374468,0.08138051607569502,0.10532514765656778,0.2127873205123404,726.9465562383131,1741.7795002323458,2590.7255849054045,3457.9969915921793,629.3783663721671,1650.4636736801365,2562.2830807779997,3132.2876041824234
