voiceID,duration,meanF0Hz,stdevF0Hz,HNR,localJitter,localabsoluteJitter,rapJitter,ppq5Jitter,ddpJitter,localShimmer,localdbShimmer,apq3Shimmer,apq5Shimmer,apq11Shimmer,ddaShimmer,f1_mean,f2_mean,f3_mean,f4_mean,f1_median,f2_median,f3_median,f4_median
assets/triste1.wav,7.573333333333333,133.67500244888257,51.08072251596972,12.167438098024697,0.0291827346943354,0.00021950375111,0.015245192570008,0.0167243704568706,0.045735577710024,0.147114886185433,1.3523675608233063,0.0775875188424059,0.0901091241316593,0.1318601417760434,0.2327625565272177,534.9558287111361,1743.3793666352628,2882.6780718835107,4082.2503200735473,438.8343891004103,1655.8638796024518,2986.099726363149,4235.464694010387
assets/palabrota2.wav,3.285333333333333,119.65938180040656,31.159190308077548,4.433305080634575,0.0393496310414111,0.0003285771183954,0.0196603366927569,0.0185325309757269,0.0589810100782708,0.1367005114986445,1.3691671805171026,0.0709291068374468,0.081380516075695,0.1053251476565677,0.2127873205123404,726.9465562383131,1741.7795002323458,2590.7255849054045,3457.9969915921797,629.3783663721671,1650.4636736801365,2562.283080778,3132.287604182424
